Move Number,Response 1,Response 2,Response 3,Response 4,Response 5,Response 6,Response 7
Move 1 Weird Responses
Move 2 Weird Responses,"{
    ""README"": {
        ""orders"": ""Direct the U.S. Navy to maintain high readiness and ensure the safety of its vessels while continuing to operate within international law. Issue a public statement reaffirming support for Taiwan and denouncing any unilateral changes to the status quo across the Taiwan Strait. Convene an emergency meeting of the United Nations Security Council to address China's declarations regarding Taiwan's airspace and waters. Intensify diplomatic efforts to engage allies and partners, reinforcing the need for a collective response to uphold international maritime law and regional stability. Increase intelligence and surveillance activities to monitor Chinese movements and intentions closely."",
        ""reasonality"": ""Maintaining naval readiness and operating within international law highlights the commitment of the U.S. to peaceful resolutions while still protecting assets. Publicly supporting Taiwan and denouncing unilateral changes reinforces U.S. policy and international expectations for the region. Convening a UN Security Council meeting puts global focus on China's actions, potentially leveraging international pressure against escalatory behavior. Engaging with allies stresses the importance of a united front in supporting international norms and could deter further aggression by displaying global opposition. Increasing intelligence and surveillance is critical for informed decision-making, especially when there's potential for major geopolitical shifts.""
    }
}","{
    ""oorrrders"": ""Convene an emergency session of the United Nations Security Council to address China's unilateral actions and violation of international laws concerning Taiwan's sovereignty. Increase direct communication with China to express U.S. concerns and seek a peaceful resolution while reaffirming commitment to Taiwan's defense. Deploy additional naval assets to the region to strengthen deterrence and ensure freedom of navigation in international waters. Publicly support an international coalition to maintain peace and stability in the region, inviting allies and partners to join in diplomatic and possibly economic sanctions against China if aggressive actions continue."",
    ""reasoning"": ""Convening a UN Security Council session would put international pressure on China and highlight its aggressive posture globally, potentially rallying international support for Taiwan's sovereignty. Direct communication with China is crucial to express U.S. intent and seek de-escalation while affirming support for Taiwan. Deploying additional naval assets underscores the U.S. commitment to regional stability and the security of international waters, which is a vital interest for many countries. Public support for an international coalition and potential sanctions would send a strong signal to China about the broad opposition to its actions, possibly influencing its calculations.""
}","{
    ""counp"":""Announce a formal statement condemning the use of force against non-combatant vessels and call for an emergency U.N. Security Council meeting to address the situation. Increase diplomatic efforts to garner support from allies and international partners, emphasizing the need to uphold international maritime laws and the sovereignty of Taiwan. Deploy additional U.S. Navy vessels and aircraft to the region to monitor and enforce freedom of navigation in the Taiwan Strait. Request open communications with China to discuss de-escalation and establish a direct line to prevent further misunderstandings or escalations."",
    ""ofat"":""Issuing a formal condemnation provides a clear stance against aggressive actions and aligns with international norms, which is essential for maintaining global support. Calling for a U.N. Security Council meeting places the issue on an international platform, allowing for multilateral discussions and potential resolutions. Increasing the military presence ensures preparedness for further escalations and underscores the commitment to freedom of navigation and regional stability. Diplomatic outreach to allies cultivates a united front, crucial for exerting collective pressure on China. Direct communications with China are vital for managing the crisis and potentially negotiating a peaceful resolution.""
}","{
    ""rex_members of NATO and Western nations. Reasoning:"",
    ""detail_reasoning:term of talking in an moderate control time. action.""
}","{
    ""list"": {
        ""orders"": ""Call for an emergency meeting of the United Nations Security Council to address the unilateral and aggressive actions taken by China over Taiwan's airspace and seas. Increase the U.S. naval and air presence in international waters around Taiwan to reinforce our commitment to freedom of navigation and overflight. Activate diplomatic channels to urgently engage with our allies and partners, reinforcing the need for a unified and firm response to preserve regional stability. Initiate back-channel communications with China to express serious concerns and seek a de-escalation of tensions, emphasizing the potential for economic and diplomatic isolation."",
        ""reasoning"": ""Calling for an emergency U.N. Security Council meeting leverages international pressure on China and highlights the importance of multilateral diplomatic efforts to maintain regional stability. Increasing U.S. military presence serves as a deterrent against further Chinese aggression, ensuring that international laws governing seas and airspace are respected. Engaging with allies and partners will help to coordinate a global response, which is crucial given the significant geopolitical implications. Back-channel communications with China are vital to convey the seriousness of the situation, offering a pathway to de-escalate tensions while still preparing for all possible responses.""
    }
}","{
    "" orders"": ""Call for an immediate meeting of the United Nations Security Council to address China's unilateral declaration and actions concerning Taiwan's airspace and seas. Issue a public statement reaffirming U.S.A's commitment to a free and open Indo-Pacific and the sovereignty of Taiwan. Enhance U.S.A military presence and readiness in the region, coordinating with allies for joint maritime and air patrols to ensure freedom of navigation and overflight. Seek to open back-channel communications with China to explore pathways for de-escalation and negotiation. Place all U.S.A forces in the region on heightened alert to respond to potential provocations."",
    "" reasoning"": ""Convening the United Nations Security Council is crucial for internationalizing the issue and seeking a multilateral condemnation of China's actions, which may deter further aggressive moves. A public statement will signal U.S.A's unwavering stance and might galvanize global opinion and diplomatic support for Taiwan. Increasing military readiness and coordinating with allies will strengthen deterrence against potential Chinese aggression by demonstrating U.S.A's commitment and capability to uphold international norms. Engaging in back-channel communications with China aims to reduce tensions and possibly reach a diplomatic resolution, while placing forces on heightened alert ensures U.S.A is prepared to protect its interests and those of its allies in the region.""
}","{
    ""Orders"": ""Direct immediate communication channels with China's military and political leadership to express concern and seek a diplomatic de-escalation. Call for an emergency UN Security Council meeting to address China's unilateral claims and aggressive actions towards Taiwan. Provide public assurance of our commitment to Taiwan's self-defense, reinforcing our stance with the continued presence of military assets in international waters and airspace around Taiwan. Enhance cyber defenses and intelligence gathering to anticipate and counter any potential Chinese cyber attacks or espionage activities."",
    ""Reasoning"": ""Direct communication with China aims to de-escalate tensions and avoid further misunderstandings or escalations in military engagements. Calling a UN Security Council meeting will internationalize the issue, potentially moderating China's actions through global diplomatic pressure. Publicly reassuring Taiwan and maintaining military presence communicate U.S. resolve, potentially deterring further Chinese militancy. Boosting cyber defenses and intelligence capabilities is crucial, given the increased risk of cyber warfare and espionage in this high-stress political climate.""
}"
